{"year": [1800.0, 1801.0, 1802.0, 1803.0, 1804.0, 1805.0, 1806.0, 1807.0, 1808.0, 1809.0, 1810.0, 1811.0, 1812.0, 1813.0, 1814.0, 1815.0, 1816.0, 1817.0, 1818.0, 1819.0, 1820.0, 1821.0, 1822.0, 1823.0, 1824.0, 1825.0, 1826.0, 1827.0, 1828.0, 1829.0, 1830.0, 1831.0, 1832.0, 1833.0, 1834.0, 1835.0, 1836.0, 1837.0, 1838.0, 1839.0, 1840.0, 1841.0, 1842.0, 1843.0, 1844.0, 1845.0, 1846.0, 1847.0, 1848.0, 1849.0, 1850.0, 1851.0, 1852.0, 1853.0, 1854.0, 1855.0, 1856.0, 1857.0, 1858.0, 1859.0, 1860.0, 1861.0, 1862.0, 1863.0, 1864.0, 1865.0, 1866.0, 1867.0, 1868.0, 1869.0, 1870.0, 1871.0, 1872.0, 1873.0, 1874.0, 1875.0, 1876.0, 1877.0, 1878.0, 1879.0, 1880.0, 1881.0, 1882.0, 1883.0, 1884.0, 1885.0, 1886.0, 1887.0, 1888.0, 1889.0, 1890.0, 1891.0, 1892.0, 1893.0, 1894.0, 1895.0, 1896.0, 1897.0, 1898.0, 1899.0, 1900.0, 1901.0, 1902.0, 1903.0, 1904.0, 1905.0, 1906.0, 1907.0, 1908.0, 1909.0, 1910.0, 1911.0, 1912.0, 1913.0, 1914.0, 1915.0, 1916.0, 1917.0, 1918.0, 1919.0, 1920.0, 1921.0, 1922.0, 1923.0, 1924.0, 1925.0, 1926.0, 1927.0, 1928.0, 1929.0, 1930.0, 1931.0, 1932.0, 1933.0, 1934.0, 1935.0, 1936.0, 1937.0, 1938.0, 1939.0, 1940.0, 1941.0, 1942.0, 1943.0, 1944.0, 1945.0, 1946.0, 1947.0, 1948.0, 1949.0, 1950.0, 1951.0, 1952.0, 1953.0, 1954.0, 1955.0, 1956.0, 1957.0, 1958.0, 1959.0, 1960.0, 1961.0, 1962.0, 1963.0, 1964.0, 1965.0, 1966.0, 1967.0, 1968.0, 1969.0, 1970.0, 1971.0, 1972.0, 1973.0, 1974.0, 1975.0, 1976.0, 1977.0, 1978.0, 1979.0, 1980.0, 1981.0, 1982.0, 1983.0, 1984.0, 1985.0, 1986.0, 1987.0, 1988.0, 1989.0, 1990.0, 1991.0, 1992.0, 1993.0, 1994.0, 1995.0, 1996.0, 1997.0, 1998.0, 1999.0, 2000.0, 2001.0, 2002.0, 2003.0, 2004.0, 2005.0, 2006.0, 2007.0, 2008.0], "molecularbiology_All": [0.0, 0.0, 0.0, 0.0, 0.0, 0.0, 0.0, 0.0, 0.0, 0.0, 0.0, 0.0, 0.0, 0.0, 0.0, 0.0, 0.0, 0.0, 0.0, 0.0, 0.0, 0.0, 0.0, 0.0, 0.0, 0.0, 0.0, 0.0, 0.0, 0.0, 0.0, 0.0, 0.0, 0.0, 0.0, 0.38109191992573, 0.71155433925948, 0.71155433925948, 0.71155433925948, 0.71155433925948, 0.71155433925948, 0.71155433925948, 0.33046241933374904, 0.0, 0.0, 0.0, 0.0, 0.0, 0.0, 0.0, 0.0, 0.0, 0.0, 0.0, 0.24016323850263702, 0.24016323850263702, 0.24016323850263702, 0.24016323850263702, 0.24016323850263702, 0.24016323850263702, 0.24016323850263702, 0.0, 0.0, 0.0, 0.0, 0.0, 0.0, 0.0, 0.0, 0.0, 0.0, 0.0, 0.0, 0.0, 0.0, 0.0, 0.0, 0.0, 0.0, 0.0, 0.586112317410173, 0.586112317410173, 0.586112317410173, 0.586112317410173, 0.586112317410173, 0.586112317410173, 0.586112317410173, 0.0, 0.0, 0.0, 0.595298096531645, 0.595298096531645, 0.595298096531645, 0.595298096531645, 0.595298096531645, 0.595298096531645, 0.595298096531645, 0.0, 0.0, 0.0, 0.107538842909958, 0.107538842909958, 0.107538842909958, 0.107538842909958, 0.107538842909958, 0.107538842909958, 0.107538842909958, 0.10045752325232, 2.01443131223452, 2.01443131223452, 2.01443131223452, 2.01443131223452, 2.01443131223452, 2.01443131223452, 1.9139737889822, 0.13096117047948802, 0.13096117047948802, 0.13096117047948802, 0.242834078242485, 0.72443237123362, 0.72443237123362, 0.72443237123362, 0.715784955117117, 0.715784955117117, 0.715784955117117, 0.716236887259619, 0.35264923521032504, 0.35264923521032504, 0.35264923521032504, 0.23033548084733999, 0.23033548084733999, 0.23033548084733999, 0.23572185473394003, 0.117711213792099, 0.22820888036432802, 0.44410264354866, 0.44410264354866, 1.1365963249941402, 2.0155573004260896, 5.15250535888205, 5.15250535888205, 6.21542740291453, 6.58772846590898, 7.94624557424025, 8.33540297895396, 8.281759532126541, 5.6084524484895795, 5.69134092235198, 5.1127351320877095, 6.28927030296314, 5.44469436996359, 7.067700924512359, 8.03119576398003, 11.6479450291378, 15.4032657977738, 20.668076631099698, 27.2863317218874, 36.3169859463052, 48.5262375877442, 72.6609347174405, 92.6825594882441, 131.637065077714, 214.03172572756802, 266.150417704835, 332.334128597519, 414.321889114737, 475.192989465459, 547.6368313114419, 610.460430903815, 646.217745727182, 708.2399215667981, 790.647425498645, 843.8894921271509, 896.8024075731549, 946.52602682694, 984.262428766718, 1012.0777341273001, 1068.79840064014, 1075.44079749491, 1103.8843860587401, 1190.22946774651, 1261.32198628527, 1371.94068651678, 1474.98277490244, 1566.52237695961, 1660.7435071591601, 1783.5509272653499, 1857.53240547878, 1952.6104933577499, 2019.50920291389, 2126.48893693767, 2223.1734167884697, 2347.63495297686, 2413.5179229135997, 2496.46178269407, 2566.2752796457803, 2629.72905825823, 2604.94795664304, 2554.09214514453, 2519.61039384899, 2479.8146274207497, 2393.12512689033, 2324.28032756867, 2243.6018056737303, 2188.40643511392, 2073.4116911010997, 2011.83799708459, 1955.7308684525701, 1926.1588077856798], "molecularbiology": [0.0, 0.0, 0.0, 0.0, 0.0, 0.0, 0.0, 0.0, 0.0, 0.0, 0.0, 0.0, 0.0, 0.0, 0.0, 0.0, 0.0, 0.0, 0.0, 0.0, 0.0, 0.0, 0.0, 0.0, 0.0, 0.0, 0.0, 0.0, 0.0, 0.0, 0.0, 0.0, 0.0, 0.0, 0.0, 0.38109191992573, 0.38109191992573, 0.38109191992573, 0.38109191992573, 0.38109191992573, 0.38109191992573, 0.38109191992573, 0.0, 0.0, 0.0, 0.0, 0.0, 0.0, 0.0, 0.0, 0.0, 0.0, 0.0, 0.0, 0.0, 0.0, 0.0, 0.0, 0.0, 0.0, 0.0, 0.0, 0.0, 0.0, 0.0, 0.0, 0.0, 0.0, 0.0, 0.0, 0.0, 0.0, 0.0, 0.0, 0.0, 0.0, 0.0, 0.0, 0.0, 0.0, 0.439584242022712, 0.439584242022712, 0.439584242022712, 0.439584242022712, 0.439584242022712, 0.439584242022712, 0.439584242022712, 0.0, 0.0, 0.0, 0.595298096531645, 0.595298096531645, 0.595298096531645, 0.595298096531645, 0.595298096531645, 0.595298096531645, 0.595298096531645, 0.0, 0.0, 0.0, 0.0, 0.0, 0.0, 0.0, 0.0, 0.0, 0.0, 0.0, 0.6044127737985551, 0.6044127737985551, 0.6044127737985551, 0.6044127737985551, 0.6044127737985551, 0.6044127737985551, 0.6044127737985551, 0.13096117047948802, 0.13096117047948802, 0.13096117047948802, 0.242834078242485, 0.43547339543893904, 0.43547339543893904, 0.43547339543893904, 0.30451222495945, 0.30451222495945, 0.30451222495945, 0.192639317196454, 0.0, 0.0, 0.0, 0.0, 0.0, 0.0, 0.117711213792099, 0.117711213792099, 0.22820888036432802, 0.336155761956494, 0.336155761956494, 0.9132338298277269, 1.6666289538923, 2.46022229572722, 2.46022229572722, 3.02025016900892, 3.50049811359554, 4.63259570387159, 5.13716872215955, 5.02568723145405, 4.36353361380322, 4.36353361380322, 4.03290174271526, 3.6968112063614598, 2.90734106630655, 2.7272425270500102, 2.70752452204346, 4.33252597290386, 5.65845276983318, 7.59347231125774, 10.9057868767438, 14.869867051966601, 20.602615994188703, 32.119973982146, 45.3312508800049, 71.6810468759376, 121.59019898863902, 155.08207391284, 194.81038750411298, 238.878450480634, 274.408474102269, 312.06076503816996, 338.419734394587, 349.76017916830705, 368.961411010916, 400.508233561985, 425.92339712298, 440.274715986431, 459.43652285781604, 466.17939070919, 473.653723734709, 497.75228002804994, 500.75244319357, 509.711307066546, 552.0370791600719, 586.5719653489309, 642.908828142805, 703.0994554822549, 753.096311914954, 798.666194766285, 864.3183134284169, 907.7209434898181, 961.7156462939289, 1009.9142286890101, 1067.86264301003, 1123.25134133633, 1198.2572232227499, 1238.52432157686, 1294.59785317262, 1322.05733344952, 1336.59981267036, 1316.23877613102, 1298.16006782285, 1275.41875372116, 1250.2134398216301, 1198.08992492055, 1166.20102679527, 1136.10198176112, 1106.87541824258, 1044.82194274169, 1013.1397327010401, 983.661266218405, 964.102781608744],